Date, 	Type, 	Address, 	Text, lat, long
16.12.2011, 	Water, 	Kirchgasse 13a 4552 Derendingen, 	Wassereinbruch im Keller 
15.11.2011, 	Person, 	Luterbachstrasse 4 4552 Derendingen, 	Personenrettung mit ADL 
22.10.2011, 	BMA, 	Fabrikstrasse 8 Derendingen, 	BMA Alarm, BKS Kabel - Service AG, 
23.09.2011, 	Hazmat, 	Luzernstrasse 1 4552 Derendingen, 	Oelwehr Einsatz 
17.09.2011, 	Storm, 	Affolterstrasse 7 4552 Derendingen, 	Windfall Eichenbaum auf Zeughausdach 
13.09.2011, 	Fire, 	Widligasse 12 4552 Derendingen, 	Brand in Wohnung 
13.09.2011, 	Person, 	Maisfeldstrasse 8 4552 Derendingen, 	Bergung ein Person mit ADL 
04.09.2011, 	Water, 	Spechtweg 6a 4552 Derendingen, 	Ueberschwemmung durch Bach 
04.09.2011, 	Water, 	Spechtweg 10a 4552 Derendingen, 	drohender Wassereinbruch 
03.09.2011, 	BMA, 	Gutenbergstrasse 1 4552 Derendingen, 	BMA-Alarm, Vogt Schild, 
26.08.2011, 	Hazmat, 	Gutenbergstrasse 1 4552 Derendingen, 	1000 Liter Farbbehälter umgestürzt. 
25.08.2011, 	Hazmat, 	Güterstrasse 4 4552 Derendingen, 	Beim umpumpen vom Anhänger ins Zugfahrzeug ist ca. 50 l Heizöl ausgelaufen. 
13.07.2011, 	Storm, 	-, 	Unwetter - umgestürzte Bäume diverse Orte
11.07.2011, 	Animal, 	Zeusstrasse 6 4552 Derendingen, 	Tierrettung 
29.06.2011, 	BMA, 	Luterbachstrasse 1 4552 Derendingen, 	BMA Alarm DHL Logistics 
05.06.2011, 	Water, 	Eigerstrasse 5 4552 Derendingen, 	Wassereinbruch im Keller 
02.06.2011, 	BMA, 	Schwarzweg 3 4552 Derendingen, 	BMA Alarm Kinderheim Hangar 
27.05.2011, 	Person, 	Hauptstrasse 61 4566 Kriegstetten, 	Personenrettung mit ADL 
26.05.2011, 	BMA, 	Hauptstrasse 22 4552 Derendingen, 	BMA-Alarm, Migros, 
19.05.2011, 	-, 	Lindenstrasse 20 4552 Derendingen, 	Temperaturanstieg im Heusilo 
18.05.2011, 	BMA, 	Gewerbestrasse 4 4552 Derendingen, 	BMA-Alarm, Forteq AG, 
14.05.2011, 	BMA, 	Gutenbergstrasse 1 4552 Derendingen, 	BMA-Alarm, Vogt Schild, 
12.05.2011, 	BMA, 	Gutenbergstrasse 1 4552 Derendingen, 	BMA-Alarm, Vogt Schild, 
04.05.2011, 	BMA, 	Gutenbergstrasse 1 4552 Derendingen, 	BMA-Alarm, Vogt Schild, 
30.04.2011, 	Water, 	Gutenbergstrasse 1 4552 Derendingen, 	Wassereinbruch, Vogt Schild, 
26.04.2011, 	Fire, 	Schachenstrasse 30 4543 Deitingen, 	Brand Schopf 
18.04.2011, 	Fire, 	, 	Mottfeuer am Emmen Ufer bei Grillstelle
02.04.2011, 	BMA, 	Schwarzweg 3 4552 Derendingen, 	BMA Alarm Kinderheim Hangar 
12.03.2011, 	BMA, 	Schwarzweg 3 4552 Derendingen, 	BMA Alarm Kinderheim Hangar 
01.02.2011, 	BMA, 	Gewerbestrasse 11 4552 Derendingen, 	BMA Alarm Brand eines Elektromotores Brönniman AG
28.01.2011, 	Fire, 	Hauptstrasse 62 4566 Kriegstetten, 	Brand Schopf 
11.01.2011, 	BMA, 	Hauptstrasse 96 4552 Derendingen, 	BMA Hauptstrasse 96, Jugendheim Böglihuus 
17.12.2012, 	Water, 	Gerlafingenstrasse 13 4552 Derendingen, 	überflutetes Feld, Hilfeleistung für Bauverwaltung 
14.12.2012, 	Water, 	Grafenstrasse 7 4552 Derendingen, 	Wassereinbruch in Geräteschuppen 
06.10.2012, 	Fire/Hazmat, 	Hofstattstrasse 13D 4552 Derendingen, 	Chemineebrand (Bioethanol) 
15.09.2012, 	BMA, 	Gewerbestrasse 4 4552 Derendingen, 	BMA Alarm Forteq AG 
28.07.2012, 	Storm, 	Rosenmatt 2 4552 Derendingen, 	Windfall Baum in Grüttbach gestürzt, Höhe Rosenmatt 2 (bei Feuerwehrmagazin)
13.07.2012, 	Accident, 	Hauptstrasse 73 4552 Derendingen, 	Verkehrsunfall  , Umleitung aufgezogen
21.06.2012, 	Storm, 	Spechtweg 6 4552 Derendingen, 	Baum in Bach gestürtzt 
19.06.2012, 	BMA, 	Steinmattstrasse 35 4552 Derendingen, 	BMA - Alarm Coop 
15.06.2012, 	BMA, 	Steinmattstrasse 35 4552 Derendingen, 	BMA - Alarm Coop Verdacht auf austretendes CO2 
27.05.2012, 	Fire, 	Hauptstrasse 32 4552 Dereningen, 	Zimmerbrand 
08.05.2012, 	-, 	, 	Allgemeiner Sirenenalarm der Anlage Mitteldorf Schuhlhaus ausgelöst
21.04.2012, 	Water, 	Meisenweg 13 4552 Derendingen, 	Wassereinbruch im Keller nach Rohrleitungsbruch Meisenweg 13 + 15
04.04.2012, 	Fire, 	Meisenweg 1 4552 Derendingen, 	Küchenbrand 
13.03.2012, 	Fire, 	Holunderweg 22 4552 Derendingen, 	Brand Mehrfamilienhaus 
02.03.2012, 	Fire, 	Luzernstrasse 19 4552 Derendingen, 	Brand Einfamilienhaus 
18.02.2012, 	Fire, 	Hünikerstrasse 12/14 4557 Horriwil, 	Brand in Wohnung 
14.02.2012, 	Fire, 	Hauptstrasse 37 4552 Derendingen, 	Brand Klimaanlage-Wärmetauscher auf Dach 
03.02.2012, 	Fire, 	Kleefeldstrasse 5 4552 Derendingen, 	PW-Brand 
03.02.2012, 	Person, 	Schreinergasse 3a 4552 Derendingen, 	Lift Rettung 
27.01.2012, 	BMA, 	Steinmattstrasse 35 4552 Derendingen, 	BMA-Alarm Coop 
22.01.2012, 	Fire, 	Hünikerstrasse 14 4557 Horriwil, 	Dachstockbrand, 
05.01.2012, 	-, 	Bahnhofstr 8 4552 Derendingen, 	Baum liegt am Gebäude an. 
04.01.2012, 	-, 	Steinmattstrasse 14 4552 Derendingen, 	Gasgeruch 
03.01.2012, 	BMA, 	Gewerbestrasse 10 4552 Derendingen, 	BMA Alarm 
16.11.2013, 	BMA, 	Schwarzweg 3 4552 Derendingen, 	2. BMA-Alarm Kinderheim Hangar 
09.11.2013, 	Accident, 	Hauptstrasse 77 4552 Derendingen, 	Verkehrsdienst nach Unfall 
03.11.2013, 	Support, 	Hauptstrasse 46 4528 Zuchwil, 	Unterstützung FW Zuchwil für Löscharbeiten 
18.09.2013, 	BMA, 	Schwarzweg 3 4552 Derendingen, 	1. BMA-Alarm Kinderheim Hangar 
28.08.2013, 	BMA, 	Gutenbergstrasse 1 4552 Derendingen, 	2. BMA-Alarm Vogt Schild Druck AG 
21.08.2013, 	Fire, 	-, 	Brand Naturfreundenhaus im Affolterwald 4552 Derendingen, 47.206744, 7.596619
15.08.2013, 	Fire, 	Kirchgasse 16 4552 Deredingen, 	Brand Heuhaufen 
10.08.2013, 	Fire, 	Gutenbergstrasse 1 4552 Derendingen, 	1. BMA-Alarm Vogt Schild Druck AG 
05.08.2013, 	Person, 	Dornackerstrasse 4566 Kriegstetten, 	Patientenbergung mit ADL 
04.08.2013, 	-, 	Hauptstrasse 1 4563 Gerlafingen, 	Blitzschlag im Dach Einsatz ADL 
27.07.2013, 	Fire, 	Kirchgasse 2 4552 Derendingen, 	Küchenbrand 
26.07.2013, 	BMA, 	Haupstrasse 96 4552 Derendingen, 	1. BMA - Alarm Böglihuus 
18.07.2013, 	BMA, 	Gewerbestrasse 11 4552 Derendingen, 	1. BMA-Alarm Brönnimann AG 
01.06.2013, 	Water, 	-, 	Diverse Einsätze Hochwasser Absperrungen Emme, 47.198883, 7.580365
10.05.2013, 	BMA, 	Luterbachstrasse 1 4552 Derendingen, 	1. BMA Alarm DHL Logistics 
27.04.2013, 	Water, 	Hauptstrasse 91 4552 Derendingen, 	Wassereinbruch im Keller 
20.04.2013, 	BMA, 	Emmenhofstrasse 4 4552 Derendingen, 	1. BMA Alarm Velochnübler AG 
12.04.2013, 	Water, 	Friedhofstrasse 20 4552 Deredningen, 	Wassereinbruch in EFH 
11.04.2013, 	Hazmat, 	Inkwilersee, 	Diesel im Gewässer 4556 Bolken ( Inkwilersee ), 47.198594, 7.663448
23.03.2013, 	-, 	Schluchtbachstrasse 12 4552 Derendingen, 	Geruchs Emissionen 
16.03.2013, 	-, 	Steinmattstrasse 4552 Derendingen, 	Starker Rauch bei Saal Bau Bad 
27.02.2013, 	BMA, 	Hauptstrasse 22 4552 Derendingen, 	2. BMA-Alarm Migros Markt 
26.02.2013, 	BMA, 	Hauptstrasse 22 4552 Derendingen, 	1. BMA-Alarm Migros Markt 
28.01.2013, 	BMA, 	Gewerbestrasse 10 4552 Derendingen, 	BMA Alarm Gewerbehaus Längacker
22.01.2013, 	-, 	Hauptstrasse 36 4552 Derendingen, 	Rauchentwicklung Waschmaschine 
17.01.2013, 	-, 	Biberiststrasse 18 4552 Derendingen, 	Nachkontrolle mit Wärmeblidkamera 
02.01.2013, 	BMA, 	Gewerbestrasse 10 4552 Derendingen, 	BMA Alarm 
30.12.2014, 	Water, 	Hauptstrasse 31a 4552 Derendingen, 	Wasser im Keller 
14.12.2014, 	Animal, 	Nelkenweg 6 4552 Derendingen, 	Tierrettung Katze auf Baum 
11.12.2014, 	Accident/Person, 	Kapellenstrasse 10 4565 Recherswil, 	Arbeitsunfall ADL erforderlich 
08.12.2014, 	Fire, 	Uferweg 4552 Derendingen, 	Brand Abfalleimer bei Emmen Spielplatz 
03.12.2014, 	Fire, 	Hauptstrasse 83 4552 Derendingen, 	Brand im Keller ( Kaminbrand) 
15.10.2014, 	BMA, 	Fabrikstrasse 18 4552 Derendingen, 	BMA-Alarm Fabrikstrasse 18 ( Weissensteinfeld )
14.10.2014, 	BMA, 	Hauptstrasse 32 4552 Derendingen, 	1. BMA-Alarm Villa Rosentau 
19.09.2014, 	BMA, 	Schwarzweg 3 4552 Derendingen, 	5. BMA-Alarm Kinderheim Hangar 
13.09.2014, 	BMA, 	Schwarzweg 3 4552 Derendingen, 	4. BMA-Alarm Kinderheim Hangar 
25.08.2014, 	BMA, 	Hauptstrasse 22 4552 Derendingen, 	3. BMA-Alarm Migros Markt 
03.08.2014, 	BMA, 	Gewerbestrasse 4 4552 Derendingen, 	2. BMA Alarm Forteq AG 
02.08.2014, 	Support, 	4553 Subingen, 	Unterstützung mit ADL in Subingen, 47.195595, 7.614401
24.07.2014, 	Water, 	-, 	Hochwasser Einsatz Emme Jahrhundert Flutwelle 500 Qm3, 47.198883, 7.580365
20.07.2014, 	Water, 	Holunderweg 3 4552 Derendingen, 	Wassereinbruch Flachdach 
19.07.2014, 	Animal, 	Bankgasse 4 4552 Derendingen, 	Tierrettung 
07.07.2014, 	Water, 	Hauptstrasse 87 4552 Derendingen, 	Bach über die Ufer getreten 
04.07.2014, 	-, 	Dammstrasse 1 4552 Derendingen, 	Sturmholz auf Strasse 
10.06.2014, 	BMA, 	Gewerbestrasse 11 4552 Derendingen, 	1. BMA-Alarm Brönnimann AG 
22.04.2014, 	BMA, 	Schwarzweg 3 4552 Derendingen, 	3. BMA-Alarm Kinderheim Hangar 
01.04.2014, 	-, Hauptstrasse 22 4552 Derendingen	, 	Gas-Alarm Migros 
20.03.2014, 	Fire, 	Borregaard Areal 4542 Luterbach, 	Brand auf Borregaard Areal 4542 Luterbach, 47.223111, 7.576474
01.03.2014, 	Fire, 	Waldstrasse 11 4563 Gerlafingen, 	Brand MFH Einsatz ADL 
28.01.2014, 	BMA, 	Luterbachstrasse 1 4552 Derendingen, 	1. BMA Alarm DHL Logistics 
22.01.2014, 	Fire, 	Emmenhofstrasse 2 4552 Derendingen, 	Brand Schopf 
16.01.2014, 	Fire, 	Oelergasse 8 4552 Derendingen, 	Autobrand 
10.01.2014, 	BMA, 	Guttenbergstrasse 1 4552 Derendingen, 	1. BMA-Alarm Vogt Schild Druck AG 
08.01.2014, 	Fire, 	Hauptstrasse 1 4552 Derendingen , 	Kaminbrad 
29.12.2015, 	Fire, 	Kirchgasse 4 4552 Derendingen, 	Kellerbrand 
28.12.2015, 	Water, 	Steinmattstrasse 6 4552 Derendingen, 	Wassereinbruch in Tankraum 
24.12.2015, 	BMA, 	Steinmattstrasse 35 4552 Derendingen, 	4*BMA - Alarm Coop 
05.12.2015, 	BMA, 	Schöllerstrasse 6 4552 Derendingen, 	BMA-Alarm  Sporting
29.11.2015, 	BMA, 	Schwarzweg 3 4552 Derendingen, 	8. BMA-Alarm Kinderheim Hangar 
21.11.2015, 	Water, 	Hofstattstrasse 11 4552 Derendingen, 	Wassereinbruch 
19.11.2015, 	BMA, 	Fabrikstrasse 18 4552 Derendingen, 	2#BMA-Alarm Fabrikstrasse 18 ( Weissensteinfeld )
16.10.2015, 	Water, 	Luterbachstrasse 1 4552 Derendingen, 	Wasser im Keller DHL 
15.10.2015, 	BMA, 	Fabrikstrasse 18 4552 Derendingen, 	1#BMA-Alarm Fabrikstrasse 18 ( Weissensteinfeld )
07.10.2015, 	Hazmat, 	Mühlegasse 7 4552 Derendingen, 	Bitumenlack (Voranstrich) ausgelaufen 
31.08.2015, 	BMA, 	Gewerbestrasse 10 4552 Derendingen, 	BMA-Alarm Gewerbehaus Längacker 
22.08.2015, 	BMA, 	Schwarzweg 3 4552 Derendingen, 	7. BMA-Alarm Kinderheim Hangar 
22.08.2015, 	Fire, 	Steinmattstrasse 29 4552 Derendingen, 	Brand von Baumaterial 
20.07.2015, 	BMA, 	Guttenbergstrasse 1 4552 Derendingen, 	2. BMA-Alarm Vogt Schild Druck AG 
04.07.2015, 	Animal, 	Bankgasse 4 "Vogel" 4552 Derendingen, 	2# Tierrettung Bankgasse 4 "Vogel"
25.05.2015, 	Animal, 	Eichholzweg 4552 Derendingen, 	Tierrettung Katze auf Baum 
04.05.2015, 	Water, 	Eigerstrasse 2 4552 Derendingen, 	Wasser im Keller 
01.05.2015, 	Water, 	Untere Emmengasse 10 4552 Derendingen, 	Wassereinbruch  
01.05.2015, 	Water, 	Hofstattstrasse 15 4552 Derendingen, 	Wassereinbruch 
12.04.2015, 	Support, 	Hauptstrasse 65 4565 Recherswil, 	Nachbarhilfe mit ADL Dachöffnung 
11.04.2015, 	BMA, 	Schwarzweg 3 4552 Derendingen, 	6. BMA Alarm Kinderheim Hangar 
01.04.2015, 	Support, 	Turmstrasse 6 4566 Halten, 	Hilfestellung für Personenbergung mit ADL 
19.03.2015, 	Animal, 	Bankgasse 4 4552 Derendingen, 	1# Tierrettung Bankgasse 4 "Vogel"
18.03.2015, 	Fire, 	Widligasse 12 4552 Derendingen, 	Brand 
01.03.2015, 	Fire, 	Oberes Emmenholz 58 4528 Zuchwil, 	Brand Bauernhaus 
25.02.2015, 	Water, 	Mühlgasse 1 4552 Derendingen , 	Wasser im Schacht 
20.12.2016, 	BMA, 	Fabrikstrasse 18 4552 Derendingen, 	7#BMA-Alarm Fabrikstrasse 18 ( Weissensteinfeld )
08.12.2016, 	Support, 	4563 Gerlafingen, 	Nachbarhilfe mit ADL in Gerlafingen, 47.171207, 7.572541
22.11.2016, 	BMA, 	Fabrikstrasse 18 4552 Derendingen, 	6#BMA-Alarm Fabrikstrasse 18 ( Weissensteinfeld )
14.11.2016, 	Water, 	Biberiststrasse 48 4552 Derendingen, 	Wassereinbruch 
08.11.2016, 	-, 	Hauptstrasse 28 4552 Derendingen, 	Techn. Hilfeleistung 
04.11.2016, 	BMA, 	 Gewerbestrasse 9 4552 Derendingen, 	1 BMA Alarm Promatec Automation AG
31.10.2016, 	Hazmat, 	Biberiststrasse 4552 Derendingen, 	Oelspur ca.2,5 Km lang auf der Biberiststrasse
02.10.2016, 	BMA, 	Fabrikstrasse 18 4552 Derendingen, 	5#BMA-Alarm Fabrikstrasse 18 ( Weissensteinfeld )
01.10.2016, 	Animal, 	Emmenhofallee 10 4552 Derendingen, 	Katze auf dem Dach
23.09.2016, 	BMA, 	Guttenbergstrasse 1 4552 Derendingen, 	3. BMA-Alarm Vogt Schild Druck AG 
19.08.2016, 	Fire, 	Freiheitweg 5 4552 Derendingen, 	Dachstuhl Brand 
16.08.2016, 	Support, 	Heinibühlstrasse 32 Lohn-Ammannsegg, 	Nachbarhilfe ADL Brand 
28.07.2016, 	BMA, 	Emmenhofstrasse 4 4552 Derendingen, 	BMA-Alarm Emmenhofimmobillien AG 
22.07.2016, 	Person, 	Luzernstrasse 1 4552 Derendingen, 	Person in Lift eingeschlossen 
17.07.2016, 	BMA, 	Schwarzweg 3 4552 Derendingen, 	14. BMA-Alarm Kinderheim Hangar 
16.07.2016, 	BMA, 	Fabrikstrasse 18 4552 Derendingen, 	4#BMA-Alarm 
26.06.2016, 	Storm, 	-, 	Luzernstrasse bei der Emme Windfall Baum über Radweg
24.06.2016, 	-, 	Untere Emmengasse 2 4552 Derendingen, 	Vermisste Person in Emme / 
23.06.2016, 	Fire, 	Grafenstrasse 8 4552 Derendingen, 	Kellerbrand 
12.05.2016, 	Water, 	Hauptstrasse 4552 Derendingen, 	Wasser von Bach läuft auf Hauptstrasse
06.05.2016, 	BMA, 	Schwarzweg 3 4552 Derendingen, 	13. BMA-Alarm Kinderheim Hangar 
29.04.2016, 	BMA, 	Gewerbestrasse 4 4552 Derendingen, 	1. BMA-Alarm ForTec 
28.04.2016, 	BMA, 	Schwarzweg 3 4552 Derendingen, 	12. BMA-Alarm Kinderheim Hangar 
25.04.2016, 	-, 	Fabrikstrasse 18 4552 Derendingen, 	1.Sprinkleralarm 
12.04.2016, 	BMA, 	Fabrikstrasse 18 4552 Derendingen, 	3#BMA-Alarm Fabrikstrasse 18 ( Weissensteinfeld )
05.04.2016, 	BMA, 	Schwarzweg 3 4552 Derendingen, 	11. BMA-Alarm Kinderheim Hangar
18.03.2016, 	BMA, 	Schwarzweg 3 4552 Derendingen, 	10. BMA-Alarm Kinderheim Hangar
11.03.2016, 	Fire, 	-, 	Brand Elektrogerät Schöllerstrasse 6 ( Sporting ) 4552 Derendingen
23.02.2016, 	BMA, 	Fabrikstrasse 18 4552 Derendingen, 	2#BMA-Alarm Fabrikstrasse 18 ( Weissensteinfeld )
31.01.2016, 	BMA, 	Schwarzweg 3 4552 Derendingen, 	9. BMA-Alarm Kinderheim Hangar
30.01.2016, 	Storm, 	Steinmattstrasse 4 4552 Derendingen, 	Windfall umgestürzte Tanne 
21.01.2016, 	Fire, 	Luzernstrasse 12A 4552 Derendingen, 	Wohnungsbrand 
19.01.2016, 	Water, 	Speerweg 4 4552 Derendingen, 	Wasserrohrbruch 
09.01.2016, 	Water, 	Hofackerstrasse 7 4552 Derendingen , 	Wassereinbruch in Estrich 
31.12.2017, 	Water, 	Gutenbergstrasse 1 4552 Derendingen, 	Wasser im 1. UG. 
15.12.2017, 	Water, 	Hofackerstrasse 7 4552 Derendingen, 	Wassereinbruch im Estrich 
03.12.2017, 	Water, 	Hauptstrasse 30 4552 Derendingen, 	Wassereinbruch EFH 
24.10.2017, 	Water, 	Eigerstrasse 7 4552 Derendingen, 	Wassereinbruch in Keller 
21.10.2017, 	BMA, 	Gewerbestrasse 4 4552 Derendingen, 	BMA-Alarm 
21.10.2017, 	Storm, 	Emmenhofallee 4 4552 Derendingen, 	Windfall_ abgebrochene Äste 
08.10.2017, 	Fire, 	Deitingenstrasse 6 4552 Derendingen, 	Brand Alte 
24.09.2017, 	BMA, 	Gutenbergstrasse 1 4552 Derendingen, 	BMA-Alarm Vogt Schild, 
30.08.2017, 	Fire, 	Hauptstrasse 31 4552 Derendingen, 	Küchenbrand 
21.08.2017, 	Water, 	Dammstrasse 7 4552 Derendingen, 	Wasser aus Schacht abpumpen 
19.08.2017, 	Storm, 	Gartenstrasse 2 4552 Derendingen, 	Sturmschäden an Dach 
10.08.2017, 	BMA, 	Emmenhofstrasse 4 4552 Derendingen, 	BMA-Alarm Emmenhof Immobilien AG 
08.07.2017, 	Storm, 	Eigerstrasse 8b 4552 Derendingen, 	Gestürzter Baum durch Sturm 
05.07.2017, 	BMA, 	Fabrikstrasse 18 4552 Derendingen, 	12#BMA-Alarm Fabrikstrasse 18 ( Weissensteinfeld )
03.07.2017, 	Water, 	Neumattweg 3 4552 Derendingen, 	Wassereinbruch in Keller 
26.06.2017, 	-, 	Fabrikstrasse 9 4542 Luterbach, 	AS-Einsatz Absuchen 
20.06.2017, 	Water, 	Meisenweg 13 4552 Derendingen, 	Wassereinbruch im Keller 
16.06.2017, 	Water, 	Hauptstrasse 90 4552 Derendingen, 	Kellerüberschwemmung 
14.06.2017, 	Animal, 	Bahnhofstrasse 10 4552 Derendingen, 	Katze in Regenwasserrohr 
12.06.2017, 	Fire, 	Schluchtbachstrasse 3 4552 Derendingen, 	Dachstockbrand 
30.05.2017, 	Hazmat, 	Steinmattstrasse 35 4552 Derendingen, 	Ausgelaufenes Benzin auf Coop Parkplatz 
25.04.2017, 	BMA, 	Fabrikstrasse 18 4552 Derendingen, 	11#BMA-Alarm Fabrikstrasse 18 ( Weissensteinfeld )
12.04.2017, 	BMA, 	Fabrikstrasse 18 4552 Derendingen, 	10#BMA-Alarm Fabrikstrasse 18 ( Weissensteinfeld )
15.03.2017, 	Fire, 	Fabrikstrasse 18 4552 Derendingen, 	Kabelbrand Fabrikstrasse 18 ( Weissensteinfeld )
24.02.2017, 	BMA, 	Fabrikstrasse 18 4552 Derendingen, 	9#BMA-Alarm Fabrikstrasse 18 ( Weissensteinfeld )
01.02.2017, 	BMA, 	Fabrikstrasse 18 4552 Derendingen, 	8#BMA-Alarm Fabrikstrasse 18 ( Weissensteinfeld )
04.12.2018, 	Water, 	Bankgasse 3 4552 Derendingen, 	Wasser im Keller 
03.12.2018, 	Storm, 	Schwimmbadstrasse 1 4552 Derendingen, 	Gestürzter Baum 
30.10.2018, 	BMA, 	Fabrikstrasse 18 4552 Derendingen, 	14#BMA-Alarm Fabrikstrasse 18 ( Wissensteinfeld )
13.10.2018, 	BMA, 	Gewerbestrasse 4 Forteq AG 4552 Derendingen, 	BMA Alarm Forteq AG
08.10.2018, 	BMA, 	Gewerbestrasse 11 Brönimann 4552 Derendingen, 	BMA Alarm  Brönimann
23.09.2018, 	Storm, 	Bankgasse 4 4552 Derendingen, 	Windfall 
19.09.2018, 	Water, 	Birkenweg 3 4552 Derendingen, 	Wassereinbruch 
02.09.2018, 	BMA, 	Gewerbestrasse 11 Brönimann 4552 Derendingen, 	BMA Alarm 
14.07.2018, 	Hazmat, 	Biberiststrasse 4552 Derendingen, 	Oelunfall 
05.07.2018, 	Storm, 	Schwarzweg 4552 Derendingen, 	gestürzte Bäume 
28.06.2018, 	Fire, 	Hauptstrasse 48 4552 Derendingen, 	Brand im Wintergarten 
18.06.2018, 	BMA, 	Fabrikstrasse 18 4552 Derendingen, 	13#BMA-Alarm Fabrikstrasse 18 ( Wissensteinfeld )
17.05.2018, 	Fire, 	Heideneggweg 4552 Derendingen, 	Motorradbrand 
16.05.2018, 	Person, 	Hauptstrasse 45 4552 Derendingen, 	Lift Rettung 
30.04.2018, 	Storm, 	Spechtweg 8 4552 Derendingen, 	Windfall / gestürzte Bäume 
22.04.2018, 	BMA, 	Hauptstrasse 37 4552 Derendingen, 	BMA Alarm Raiffeisenbank 
01.04.2018, 	-, 	Meisenweg 19 4552 Derendingen, 	Rauch im Keller 
25.01.2018, 	BMA, 	Gewerbestrasse 4 Forteq AG 4552 Derendingen, 	BMA Alarm ForTec
22.01.2018, 	Water, 	Meisenweg 3 4552 Derendingen, 	Wassereinbruch 
18.01.2018, 	Fire, 	Gewerbestrasse 12 4552 Derendingen, 	Brand Presscontainer 
03.01.2018, 	Storm, 	 4552 Derendingen , 	Windfall , Diverese umgefallende Bäume
23.12.2019, 	BMA, 	Gewerbestrasse 11 Brönimann 4552 Derendingen, 	BMA Alarm 
05.12.2019, 	BMA, 	Steinmattstrasse 35 4552 Derendingen, 	BMA Coop 
30.11.2019, 	BMA, 	Gewerbestrasse 11 Brönimann 4552 Derendingen, 	BMA Alarm 
12.11.2019, 	Support, 	Jurastrasse 28 4542 Luterbach, 	Hilfeleistung ADL 
21.10.2019, 	Person, 	Emmenhofallee 3 4552 Derendingen, 	Person in Lift eingeschlossen 
20.09.2019, 	Fire, 	Löhrstrasse 41 4552 Derendingen, 	Brand Zeitungsstapel 
14.09.2019, 	-, 	Fabrikstrasse 18 4552 Derendingen, 	Sprinkler-Alarm Fabrikstrasse 18 ( Wissensteinfeld )
11.09.2019, 	-, 	Hofstattstrasse 4552 Derendingen, 	Reinigen der Strasse 
03.09.2019, 	-, 	Sportstrasse 4552 Derendingen, 	Bohrlöcher Einschwemmen Biotop Heidenegg 
16.08.2019, 	Fire, 	Schützenstrasse 4552 Derendingen, 	Autobrand 
16.08.2019, 	Fire, 	Emmenholzweg 4552 Derendingen, 	Holzstapelbrand Emmenholzweg ( Blockhaus )
01.08.2019, 	-, 	Bleichenberg 4552 Derendingen, 	Fahrdienst / Aufstellen Beleuchtung / Absperren der Strasse für 1.August auf dem Bleichenberg
01.08.2019, 	-, 	Bleichenberg 4552 Derendingen, 	Brandwache / Fahrdienst / Rückbau Beleuchtung und Sperrung der Strasse 1.August Feier Bleichenberg
27.07.2019, 	Fire, 	Schützenstrasse 7 4552 Derendingen, 	Brand Elektroverteilerkasten 
14.07.2019, 	Water, 	Hofackerstrasse 7 4552 Derendingen, 	Wassereinbruch 
14.06.2019, 	Animal, 	Lerchenweg 4552 Derendingen, 	Tierrettung Katze von Baum hohlen 
06.06.2019, 	BMA, 	Gewerbestrasse 4 4552 Derendingen, 	BMA Alarm Forteq AG
06.06.2019, 	Hazmat, 	Meisenweg 1 4552 Derendingen, 	Oel Unfall LKW Diesel Tank 
05.06.2019, 	Water, 	Grubenstrasse 1 4552 Derendingen, 	Wassereinbruch / Überschwemmung 
05.06.2019, 	BMA, 	Fabrikstrasse 18 4552 Derendingen, 	BMA-Alarm Rauch im Technikraum Fabrikstrasse 18 ( Wissensteinfeld ) 
04.06.2019, 	BMA, 	Gewerbestrasse 4 4552 Derendingen, 	BMA Alarm Forteq AG
03.06.2019, 	Water, 	Saphirweg 4552 Derendingen, 	Wassereinbruch 
11.05.2019, 	Storm, 	Speerweg 2 4552 Derendingen, 	Winfall gestürzter Baum 
11.05.2019, 	Fire, 	Untere Emmengasse 2 4552 Derendingen, 	Brand in Garage 
10.05.2019, 	BMA, 	Fabrikstrasse 18 4552 Derendingen, 	BMA-Alarm Fabrikstrasse 18 ( Wissensteinfeld )
03.04.2019, 	Fire, 	Schwarzweg 4552 Derendingen, 	Heubrand 
24.03.2019, 	Support, 	Zuchwilerstrasse 4542 Luterbach, 	Hilfeleistung mit ADL 
01.03.2019, 	BMA, 	Luterbachstrasse 1 4552 Derendingen, 	BMA Alarm UPS
26.02.2019, 	Water, 	Grafenstrasse 9 4552 Derendingen, 	Wasser Einbruch Keller 
26.01.2019, 	Person, 	Hauptstrasse 84 4552 Derendingen, 	Personenbefreiung aus Liftanlagen 
14.01.2019, 	-, 	Fabrikstrasse 18 4552 Derendingen, 	Sprinkler-Alarm Fabrikstrasse 18 ( Wissensteinfeld )
02.01.2019, 	BMA, 	Hauptstrasse 32 4552 Derendingen , 	BMA Alarm Villa Rosentau 
17.08.2020, 	Water, 	Spechtweg 6a 4552 Derendingen, 	Überschwemmungen Grütbach tritt über Ufer Spechtweg 6a & 6b
17.08.2020, 	BMA, 	Schöllerstrasse 6 4552 Derendingen, 	BMA Alarm Tennishalle AG 
16.08.2020, 	Water, 	4552 Derendingen, 	Wassereinbruch Überschwemmungen diverse Einsatzorte
31.07.2020, 	Fire, 	Hauptstrasse 35 4552 Derendingen, 	Dackstockbrand 
09.07.2020, 	Water, 	Hauptstrasse 44 4552 Derendingen, 	Wasserleitung defekt 
07.07.2020, 	BMA, 	Hauptstrasse 96 4552 Derendingen, 	BMA Alarm Böglihuus
04.07.2020, 	Fire, 	Badstrasse 10 4552 Derendingen, 	Brand von Abfall 
04.07.2020, 	Fire, 	Neugasse 4 4552 Derendingen, 	Fahrzeugbrand 
04.05.2020, 	Person, 	Hauptstrasse 26c 4552 Derendingen, 	Liftrettung 
01.05.2020, 	Person, 	Grubengasse 9 4552 Derendingen, 	Liftrettung 
28.04.2020, 	Support, 	Hauptstrasse 24 4563 Gerlafingen, 	Nachbarschafts Hilfe Brand Bauernhaus 
13.02.2020, 	-, 	Kreuzplatz 4552 Derendingen , 	Gasgeruch Bushaltestelle 
